Daily Performance of X-Ray Machines ,,,,,,,,,,,,,,,,,,,,,,,,,,,,,,,,,,,,,,,,,,,,,,,,,,,
X-RAY REORT 03-JUL 2200 HRS TO 04 JUL 0600 HRS,,,,,,,,,,,,,,,,,,,,,,,,,,,,,,,,,,,,,,,,,,,,,,,,,,,
3/Jul,X- 1 (PER),,X-2(PER)(S),,X-3 (PER),,X-4,,X-5(S) ,,X-6(S),,X-7 ,,X-8(S),,X-9,,X-10(S),,X-11(S),,X-12,,X-13,,X-14,,X-15,,X-16,,X-17(S),,X-18 (EXP TP),,X-19(S) IMP TP,,X-20(IMP TP),,X-21(IMP TP),,Total,,,,,,,,
,Pcs,Ton,Pcs,Ton,Pcs,Ton,Pcs,Ton,Pcs,Ton,Pcs,Ton,Pcs,Ton,Pcs,Ton,Pcs,Ton,Pcs,Ton,Pcs,Ton,Pcs,Ton,Pcs,Ton,Pcs,Ton,Pcs,Ton,Pcs,Ton,Pcs,Ton,Pcs,Ton,Pcs,Ton,Pcs,Ton,Pcs,Ton,Pcs,Ton,,,,,,,
M,380,5,0,0,0,0,278,8,531,6,626,9,0,0,339,5,125,5,294,10,180,7,557,7,0,0,84,10,0,0,47,1,136,2,840,13,0,0,281,7,228,19,"4,926",114,,,,,,,
A,1049,9,618,5,214,27,261,14,460,6,602,5,80,1,735,12,231,4,857,12,661,9,"1,004",10,0,0,242,79,0,0,662,23,602,6,719,13,307,4,91,19,153,26,"9,548",284,,,,,,,
N,679,5,0,0,103,4,283,44,"1,031",11,958,11,558,7,890,9,451,6,829,21,"1,076",9,794,7,0,0,0,0,193,67,"1,033",35,860,22,514,16,261,4,230,15,131,10,"10,874",303,,,,,,,
Total,"2,108",19,618,5,317,31,822,66,"2,022",23,"2,186",24,638,8,"1,964",26,807,15,"1,980",43,"1,917",24,"2,355",24,0,0,326,89,193,67,"1,742",59,"1,598",30,"2,073",43,568,9,602,41,512,55,"25,348",701,,,,,,,
Datewise Performance of X-Ray Machine - Jul-2026,,,,,,,,,,,,,,,,,,,,,,,,,,,,,,,,,,,,,,,,,,,,,,,,,,,
Jul-26,X- 1 (PER),,X-2(PER)(S),,X-3 (PER),,X-4,,X-5(S) ,,X-6(S),,X-7 ,,X-8(S),,X-9,,X-10(S),,X-11(S),,X-12,,X-13,,X-13,,X-14 ,,X-15 (S),,X-16(S),,X-17 (EXP TP),,X-18(S) IMP TP,,X-19(IMP TP),,X-20(IMP TP),,Total,,,,,,,,
,Pcs,Ton,Pcs,Ton,Pcs,Ton,Pcs,Ton,Pcs,Ton,Pcs,Ton,Pcs,Ton,Pcs,Ton,Pcs,Ton,Pcs,Ton,Pcs,Ton,Pcs,Ton,Pcs,Ton,Pcs,Ton,Pcs,Ton,Pcs,Ton,Pcs,Ton,Pcs,Ton,Pcs,Ton,Pcs,Ton,Pcs,Ton,Pcs,Ton,,,,,,,
1,2181,22,"1,331",13,713,18,720,24,"1,752",29,"1,779",19,623,24,"1,424",23,"1,282",23,"2,291",22,"1,856",23,"2,289",23,0,0,428,89,0,0,"1,082",22,"1,441",32,"3,046",53,90,1,"1,326",32,704,41,"26,358",531,,,,,,,
2,1847,21,974,9,440,46,999,49,"2,447",30,"2,168",19,824,9,"1,597",28,"1,166",24,"2,430",40,"1,837",33,"1,522",17,0,0,394,109,971,15,"1,480",22,"1,073",11,"3,669",54,663,7,852,67,476,43,"27,829",654,,,,,,,
3,2108,19,618,5,317,31,822,66,"2,022",23,"2,186",24,638,8,"1,964",26,807,15,"1,980",43,"1,917",24,"2,355",24,0,0,326,89,193,67,"1,742",59,"1,598",30,"2,073",43,568,9,602,41,512,55,"25,348",701,,,,,,,
4,,,,,,,,,,,,,,,,,,,,,,,,,,,,,,,,,,,,,,,,,,,0,0,,,,,,,
5,,,,,,,,,,,,,,,,,,,,,,,,,,,,,,,,,,,,,,,,,,,0,0,,,,,,,
6,,,,,,,,,,,,,,,,,,,,,,,,,,,,,,,,,,,,,,,,,,,0,0,,,,,,,
7,,,,,,,,,,,,,,,,,,,,,,,,,,,,,,,,,,,,,,,,,,,0,0,,,,,,,
8,,,,,,,,,,,,,,,,,,,,,,,,,,,,,,,,,,,,,,,,,,,0,0,,,,,,,
9,,,,,,,,,,,,,,,,,,,,,,,,,,,,,,,,,,,,,,,,,,,0,0,,,,,,,
10,,,,,,,,,,,,,,,,,,,,,,,,,,,,,,,,,,,,,,,,,,,0,0,,,,,,,
11,,,,,,,,,,,,,,,,,,,,,,,,,,,,,,,,,,,,,,,,,,,0,0,,,,,,,
12,,,,,,,,,,,,,,,,,,,,,,,,,,,,,,,,,,,,,,,,,,,0,0,,,,,,,
13,,,,,,,,,,,,,,,,,,,,,,,,,,,,,,,,,,,,,,,,,,,0,0,,,,,,,
14,,,,,,,,,,,,,,,,,,,,,,,,,,,,,,,,,,,,,,,,,,,0,0,,,,,,,
15,,,,,,,,,,,,,,,,,,,,,,,,,,,,,,,,,,,,,,,,,,,0,0,,,,,,,
16,,,,,,,,,,,,,,,,,,,,,,,,,,,,,,,,,,,,,,,,,,,0,0,,,,,,,
17,,,,,,,,,,,,,,,,,,,,,,,,,,,,,,,,,,,,,,,,,,,0,0,,,,,,,
18,,,,,,,,,,,,,,,,,,,,,,,,,,,,,,,,,,,,,,,,,,,0,0,,,,,,,
19,,,,,,,,,,,,,,,,,,,,,,,,,,,,,,,,,,,,,,,,,,,0,0,,,,,,,
20,,,,,,,,,,,,,,,,,,,,,,,,,,,,,,,,,,,,,,,,,,,0,0,,,,,,,
21,,,,,,,,,,,,,,,,,,,,,,,,,,,,,,,,,,,,,,,,,,,0,0,,,,,,,
22,,,,,,,,,,,,,,,,,,,,,,,,,,,,,,,,,,,,,,,,,,,0,0,,,,,,,
23,,,,,,,,,,,,,,,,,,,,,,,,,,,,,,,,,,,,,,,,,,,0,0,,,,,,,
24,,,,,,,,,,,,,,,,,,,,,,,,,,,,,,,,,,,,,,,,,,,0,0,,,,,,,
25,,,,,,,,,,,,,,,,,,,,,,,,,,,,,,,,,,,,,,,,,,,0,0,,,,,,,
26,,,,,,,,,,,,,,,,,,,,,,,,,,,,,,,,,,,,,,,,,,,0,0,,,,,,,
27,,,,,,,,,,,,,,,,,,,,,,,,,,,,,,,,,,,,,,,,,,,0,0,,,,,,,
28,,,,,,,,,,,,,,,,,,,,,,,,,,,,,,,,,,,,,,,,,,,0,0,,,,,,,
29,,,,,,,,,,,,,,,,,,,,,,,,,,,,,,,,,,,,,,,,,,,0,0,,,,,,,
30,,,,,,,,,,,,,,,,,,,,,,,,,,,,,,,,,,,,,,,,,,,0,0,,,,,,,
31,,,,,,,,,,,,,,,,,,,,,,,,,,,,,,,,,,,,,,,,,,,0,0,,,,,,,
Total,"6,136",62,"2,923",27,"1,470",95,"2,541",139,"6,221",81,"6,133",63,"2,085",42,"4,985",76,"3,255",61,"6,701",106,"5,610",81,"6,166",64,0,0,"1,148",287,"1,164",82,"4,304",104,"4,112",73,"8,788",149,"1,321",16,"2,780",140,"1,692",139,"79,535","1,885",,,,,,,
Monthwise Performance of X-Ray Machine - 2026,,,,,,,,,,,,,,,,,,,,,,,,,,,,,,,,,,,,,,,,,,,,,,,,,,,
Month,X-1 (PER),,X-2(PER)(S),,X-3 (PER),,X-4,,X-5 (S),,X-6(S),,X-7 ,,X-8(S),,X-9,,X-10(S),,X-11(S),,X-12,,X-13,,X-13 ,,X-14 ,,X-15(S),,X-16(S),,X-17 (EXP TP),,X-18(S) IMP TP,,X-19(IMP TP),,X-20(IMP TP),,Total,,,,,,,,
,Pcs,Ton,Pcs,Ton,Pcs,Ton,Pcs,Ton,Pcs,Ton,Pcs,Ton,Pcs,Ton,Pcs,Ton,Pcs,Ton,Pcs,Ton,Pcs,Ton,Pcs,Ton,Pcs,Ton,Pcs,Ton,Pcs,Ton,Pcs,Ton,Pcs,Ton,Pcs,Ton,Pcs,Ton,Pcs,Ton,Pcs,Ton,Pcs,Ton,,,,,,,
JUL'26,"6,136",62,"2,923",27,"1,470",95,"2,541",139,"6,221",81,"6,133",63,"2,085",42,"4,985",76,"3,255",61,"6,701",106,"5,610",81,"6,166",64,0,0,"1,148",287,"1,164",82,"4,304",104,"4,112",73,"8,788",149,"1,321",16,"2,780",140,"1,692",139,"79,535","1,885",,,,,,,
JUN'26,"83,455",960,"24,006",208,"30,716","1,154","28,289","1,107","47,506",611,"49,962",539,"7,305",241,"40,034",639,"30,695",589,"55,321",736,"47,277",671,"43,086",527,0,0,"17,059","1,373","7,381","1,757","29,260",482,"39,557",615,"89,309","1,410","22,853",264,"25,243","1,260","16,152","1,387","734,466","16,529",,,,,,,
MAY'26,"69,180",823,"14,703",127,"23,373","1,087","32,443","1,000","61,379",752,"56,279",603,"21,405",399,"52,114",763,"36,760",598,"61,362",775,"50,073",654,"50,371",571,,,"22,755","1,084","9,494","2,087","22,378",449,"42,065",639,"78,257","1,371","31,408",375,"30,127","1,264","18,059","1,488","783,985","16,908",,,,,,,
APR'26,"51,156",583,"13,630",119,"22,086","1,071","34,921","1,264","57,601",708,"57,007",600,"20,874",273,"52,499",695,"38,553",611,"62,309",771,"47,968",701,"49,054",574,,,"23,809",995,"10,025","1,946","24,213",436,"49,027",796,"68,750","1,257","14,595",164,"31,199","1,004","20,561","1,081","749,837","15,649",,,,,,,
MAR'26,"53,096",506,"17,940",149,"20,419","1,091","33,641","1,237","49,473",566,"38,126",387,"3,075",100,"51,750",643,"38,671",591,"61,408",644,"52,052",614,"38,897",440,,,"21,953","1,051","8,228","1,647","19,082",302,"45,833",619,"72,385","1,384","22,726",274,"25,088",981,"16,153","1,046","689,996","14,272",,,,,,,
FEB'26,"72,601",752,"29,517",282,"23,435",805,"34,781","1,013","48,884",569,"32,408",347,"7,481",618,"47,605",656,"31,555",557,"55,594",654,"51,098",619,"37,013",475,,,"20,110",884,"8,956","1,726","27,968",389,"38,598",518,"74,068","1,579","11,822",119,"31,460","1,067","15,590","1,099","700,544","14,725",,,,,,,
JAN'26,"61,201",564,"28,597",225,"27,721",952,"32,214","1,049","50,957",622,"27,899",300,"13,840",708,"51,341",689,"33,045",548,"48,036",600,"44,483",605,"27,488",329,,,"26,645",846,"10,978","1,781","5,983",106,"43,946",523,"94,764","1,326","7,256",80,"27,372",963,"18,403","1,065","682,169","13,880",,,,,,,
DEC'25,"57,415",613,"25,452",238,"24,343",818,"24,934","1,155","42,314",505,"20,777",250,"11,087",434,"43,266",608,"28,775",518,"44,628",513,"39,243",553,"11,326",126,,,"19,822",660,"7,739","1,643","1,281",12,"40,414",558,"89,469","1,566","27,321",321,"32,061","1,207","19,237","1,263","610,904","13,558",,,,,,,
NOV'25,"51,860",514,"22,297",183,"26,275",795,"25,974","1,399","42,213",570,"23,988",268,"6,390",392,"42,007",602,"28,838",556,"41,064",511,"43,497",545,"13,897",160,,,"24,238",908,"8,211","1,776","4,594",61,"32,335",419,"81,929","1,558","27,488",269,"37,207","1,110","22,095","1,192","606,397","13,785",,,,,,,
OCT'25,"65,371",674,"19,038",167,"22,737",692,"27,250",968,"42,466",520,"21,354",242,"8,146","1,173","40,086",564,"28,620",561,"37,226",493,"42,356",526,"11,270",203,,,"20,883",736,"7,713","1,567",163,6,"31,636",412,"60,750","1,127","10,818",128,"33,121",929,"22,869","1,070","553,873","12,758",,,,,,,
SEP'25,"58,141",644,"23,256",215,"17,494",753,"31,074",832,"44,326",508,"26,085",291,"11,993","1,217","36,935",551,"27,860",539,"42,642",546,"42,265",557,"15,172",195,,,"25,549",617,"7,616","1,448","1,290",16,"38,098",472,"67,952","1,305","3,268",31,"32,812",847,"17,308",756,"571,136","12,339",,,,,,,
AUG'25,"56,447",632,"15,129",133,"25,888",759,"27,230","1,115","47,250",539,"26,916",264,"14,988",660,"39,561",581,"30,159",578,"40,137",492,"44,899",573,"20,408",247,,,"26,435",649,"9,412","1,464",509,32,"29,787",361,"82,578","1,222",259,3,"32,235",756,"14,699",585,"584,926","11,645",,,,,,,
JUL'25,"57,596",564,"14,826",129,"30,381","1,112","32,011",892,"47,078",609,"35,632",344,"9,899","1,711","41,031",590,"28,428",554,"25,215",303,"53,560",572,"24,104",294,,,"32,574",546,"23,191",786,1,0,"21,878",299,"63,157",905,"1,018",11,"27,754",556,"18,236",579,"587,570","11,358",,,,,,,
Jun'25,"53,214",587,"18,517",169,"36,159","1,263","29,002",774,"44,901",592,"27,915",285,"9,383","1,790","35,107",523,"22,820",487,"2,862",43,"54,848",562,"39,291",486,,,"32,807",453,"30,314",500,"2,057",23,"27,107",322,"58,867","1,050","4,379",49,"24,846",694,"15,447",940,"569,843","11,591",,,,,,,
May'25,"59,932",676,"22,645",201,"29,381","1,330","35,621",894,"55,662",714,"55,482",540,"11,965","2,042","48,023",679,"30,403",568,-,-,"83,444",845,"54,500",668,,,"41,433",589,"45,428",638,-,-,"34,901",511,"65,598","1,199","6,904",93,"28,605",932,"21,621","1,013","731,548","14,132",,,,,,,
Apr'25,"58,753",612,"19,330",154,"30,855","1,146","31,211",886,"51,411",600,"44,697",439,"10,175","1,859","39,758",537,"26,302",550,-,-,"75,475",796,"42,861",498,,,"35,448",491,"35,415",681,-,-,"51,575",599,"63,021","1,141","6,876",66,"21,545",901,"17,181",973,"661,889","12,927",,,,,,,
Mar'25,"83,922",882,"35,604",297,"30,350","1,509","35,654",767,"60,585",708,"31,782",354,"8,901","1,817","47,055",629,"31,400",642,-,-,"74,357",937,"52,307",624,,,"40,055",531,"42,953",623,-,-,"60,128",717,"72,171","1,428","17,921",160,"23,771","1,180","17,574","1,185","766,490","14,987",,,,,,,
Feb'25,"66,138",796,"28,868",258,"22,768",925,"26,169",809,"41,540",477,"27,641",236,"8,848",202,"42,224",570,"23,679",515,-,-,"69,628",715,"45,784",566,,,"31,487",567,"10,249","1,338",-,-,"64,773",746,"68,481","1,058","10,664",91,"21,406",992,"17,581","1,009","627,928","11,870",,,,,,,
Jan'25,"66,627",779,"34,184",293,"30,488","1,313","29,431",797,"42,632",522,"6,202",69,398,7,"44,611",610,"28,427",574,-,-,"58,814",727,"36,697",448,,,"34,102",611,"8,971","1,374",-,-,"48,046",591,"76,214","1,137","5,346",49,"21,813",969,"17,704",915,"590,707","11,787",,,,,,,
Dec'24,"63,380",805,"33,858",294,"29,195","1,094","26,440",845,"39,198",493,691,9,1,0,"44,072",567,"29,168",533,-,-,"47,579",639,"19,635",234,,,"27,886",537,"9,311","1,239",-,-,"29,304",401,57373,"1,020","18,190",199,21073,"1,118",18737,"1,178","515,091","11,204",,,,,,,
Nov'24,"58,739",761,"32,664",276,"31,987","1,204","21,305",799,"43,689",596,"7,394",80,"4,566",62,"44,214",600,"28,014",515,-,-,"48,967",621,"24,407",288,,,"29,713",562,"9,038","1,328",-,-,"26,588",456,48719,"1,016","17,912",204,22548,"1,199",17138,"1,100","517,602","11,665",,,,,,,
Oct'24,"80,338",781,"37,335",306,"27,088","1,292","19,689",918,"36,472",482,"18,448",243,"42,285",531,"44,187",615,"27,384",521,-,-,"33,652",445,"39,841",563,,,"30,271",681,"9,431","1,680",-,-,"64,349",937,67454,"1,207","11,183",116,24907,"1,121",18735,"1,036","633,049","13,474",,,,,,,
Sep'24,79043,735.3,"40,173",287,34694,1245.9,25837,778.9,37670,491.9,10868,146.6,48204,550.8,50600,647.4,29396,525,-,-,21027,305.3,"50,822",718,,,32583,740.3,9288,1666.4,-,-,77584,1019,70643,1075.3,"19,831",202,"20,998",961,"17,729",911,"676,990","13,007",,,,,,,
Aug'24,57680,658.4,"42,903",321,33375,1268.9,27848,785.6,44101,546.1,-,-,23815,278.8,47448,611.6,30851,531,-,-,58714,807.7,"47,281",561,,,34002,675.2,10473,1547.2,-,-,62890,833,77493,1293.5,"6,651",66,"22,945","1,044","23,051",903,"651,521","12,732",,,,,,,
Jul'24,54888,879.5,"58,849",454,35543,1129.1,26859,642.9,45395,562.6,-,-,35048,401.2,48292,646.8,31865,558.5,-,-,57025,738.5,"51,139",617,,,36961,591.2,11367,1606,-,-,47403,730.9,90309,1355,0,0,"20,024","1,172","23,657","1,071","674,624","13,156",,,,,,,
Jun'24,75014,986.3,"70,392",536,33983,1242.1,27198,693.2,46957,578.3,-,-,45912,523,52032,619.8,32216,570.33,-,-,56903,736.7,"50,093",668,,,37771,741.5,10354,1851.9,-,-,22,4.7,68551,1205.2,0,0,"18,360","1,012","12,462",938,"638,220","12,907",,,,,,,
May'24,82722,1025.2,"50,964",399,46537,1445.6,34183,836,46692,593.1,-,-,67549,628.3,61585,725.6,40352,638,-,-,59989,846.8,"58,511",700,,,44548,742.6,10960,1889.6,-,-,0,0,85529,1143.6,9,0,"17,704",991,"8,660",668,"716,494","13,273",,,,,,,
Apr'24,88947,1068.3,"29,634",235,63996,1034.6,32893,832.9,49228,631.9,-,-,51514,534.2,58138,658.1,40266,641.3,-,-,60323,794.4,"54,031",705,,,39513,636.1,11382,1662.3,-,-,0,0,68441,936.6,333,21,"20,570",999,"12,462",670,"681,671","12,061",,,,,,,
Mar'24,90399,1206.5,"43,583",389,46857,1166.2,34821,1073.6,54367,671.3,-,-,64911,767.8,67383,726.4,46813,738.9,-,-,73554,931.6,"68,108",843,,,53965,846,22214,2056.4,-,-,7902,278.4,70548,1233.8,0,0,"23,042","1,084","13,157",776,"781,624","14,787",,,,,,,
Feb'24,95356,1056,"13,211",99,54151,1296.4,39205,816.8,56652,741,-,-,69695,1003.5,68091,786.8,47214,833.5,-,-,71649,933.6,"4,906",51,,,44261,739.6,18971,1759.1,-,-,4937,128,81551,1266.3,0,0,"17,734",826,"9,651",630,"697,235","12,966",,,,,,,
Jan'24,92716,1083.9,-,-,71542,1385.5,35886,922.9,53559,699.4,-,-,15300,301.3,64207,780.7,39180,797.3,-,-,63707,900.6,-,-,,,43212,681.7,16559,1504.4,-,-,1577,52.9,70572,1026.2,0,0,"18,585",768,"5,054",367,"591,656","11,272",,,,,,,
Dec'23,78999,962.7,-,-,67806,994.1,24870,761.9,40902,546.2,-,-,16464,224.7,49270,676.2,30964,695.7,-,-,62270,828.5,-,-,,,33760,622.7,14271,1346.3,-,-,3901,128.7,80397,1192.5,18,0,"20,445",951,"28,090",698,"552,427","10,630",,,,,,,
Nov'23,73395,948.8,-,-,63615,966.9,22625,857.8,39958,497.6,-,-,22235,494.8,51739,668.7,24247,702.3,-,-,55882,674.2,-,-,,,32259,538.2,11683,1235.3,-,-,2240,75.2,84379,1264.9,0,0,"29,006","1,070","17,309",486,"530,572","10,481",,,,,,,
Oct'23,67778,930,-,-,55644,1026.1,30767,949.6,52317,648.6,-,-,22094,374.9,56779,660.5,31032,814.4,-,-,55567,641.6,-,-,,,38244,668.4,23618,1281,-,-,2901,101.9,74319,1179.6,0,0,"46,336","1,517","3,829",78,"561,225","10,871",,,,,,,
Sep'23,51751,631,-,-,54326,1096.3,37084,918.1,52998,675.6,-,-,14633,385.1,59773,800.5,37190,698.5,-,-,67546,776.4,-,-,,,37333,638.5,11230,1324.1,-,-,53272,1681.8,63891,849.7,0,0,"3,517",116,-,-,"544,544","10,592",,,,,,,
Aug'23,51808,645.49,-,-,72523,1242.3,36894,837.2,41079,537.4,-,-,10590,327,67755,833.8,36121,735.9,-,-,64760,873.2,-,-,,,35476,578.1,12370,1239.1,-,-,46356,1417.3,53837,871.9,-,-,"3,603",117,-,-,"533,172","10,255",,,,,,,
Jul'23,55541,698.9,-,-,77181,1118.8,29879,758,46564,661.1,-,-,6747,113.7,60115,784.5,35392,647.4,-,-,48391,706.4,-,-,,,32767,581.1,8879,1268.6,-,-,31252,1233.2,40052,625.5,-,-,"4,360",148,-,-,"477,120","9,345",,,,,,,
Jun'23,64023,828.6,-,-,68704,933.7,39837,990.3,56881,771.5,-,-,9231,203.3,65752,792,41281,764.6,-,-,55049,754.2,-,-,,,39424,685.4,8587,1358.8,-,-,34760,1282.6,63325,662.8,-,-,"1,865",66,-,-,"548,719","10,094",,,,,,,
May'23,61427,675.4,-,-,57477,954,41715,1022.3,73721,1028,-,-,6052,136.3,67242,940.7,41834,841.8,-,-,53736,735.9,-,-,,,34948,565.2,8298,1143.7,-,-,27320,1182.1,92385,777.8,-,-,-,-,-,-,"566,155","10,003",,,,,,,
Apr'23,90243,885.7,-,-,44339,729,36126,886.7,66685,873,-,-,11680,227,66834,919.7,37785,670.8,-,-,54977,732.2,-,-,,,35695,585.7,8649,1204.5,-,-,29501,1111.6,58810,589.8,-,-,-,-,-,-,"541,324","9,416",,,,,,,
Mar'23,83700,922.7,-,-,29882,783.2,28239,1070.6,80247,1089.7,-,-,84,12,68635,1045.3,46041,904.5,-,-,57281,785.9,-,-,,,40216,617.2,8140,1228.1,-,-,25024,1117.6,52199,767.4,-,-,-,-,-,-,"519,688","10,344",,,,,,,
Feb'23,52149,523.3,-,-,30651,684.6,14285,646.7,57555,833.5,-,-,68,0,63380,889.6,41986,804.5,-,-,25502,355.6,-,-,,,38373,588,7971,1201.8,-,-,20874,940.2,44662,626.1,-,-,-,-,-,-,"397,456","8,094",,,,,,,
Jan'23,57019,575.9,-,-,31906,552.2,17178,603.8,48710,628.5,-,-,0,0,57466,746.8,36926,702.3,-,-,4581,59.2,-,-,,,38439,584.2,8098,1003.5,-,-,24754,859.9,46278,649.2,-,-,-,-,-,-,"371,355","6,966",,,,,,,
Dec'22,63454,644.3,-,-,34629.6,645.8,12701,498.1,53793,734.1,-,-,150,35.1,48183,645.5,35881,731.7,-,-,45888,590.7,-,-,,,5419,85,8583,1248.9,-,-,30245,1173.3,45666,798,-,-,-,-,-,-,"384,593","7,831",,,,,,,
Nov'22,52432,534.6,-,-,26818,555.6,16912,673.9,54386,728.1,-,-,7564,1288.6,51067,766.8,27999,570.7,-,-,52944,695.3,-,-,,,23,1,2456,335.8,-,-,30276,1074.7,54489,846.9,-,-,-,-,-,-,"377,366","8,072",,,,,,,
Oct'22,43129,428,-,-,34743,693,27950,593.5,65195,860.1,-,-,8783,1576.2,54254,760.3,21840,450.5,-,-,53664,671.4,-,-,,,6089,104,16553,257,-,-,29553,1278,53788,859,-,-,-,-,-,-,"415,541","8,529",,,,,,,
Sep'22,37208,385,-,-,23222,521,38148,725,52492,691,-,-,9621,1695,55648,742,17798,417,-,-,28163,348,-,-,,,31696,474,36512,639,-,-,24379,729,36270,703,-,-,-,-,-,-,"391,157","8,068",,,,,,,
Aug'22,26907,294,-,-,30904,730,64788,1047,22193,217,-,-,10188,1595,64337,733,25318,479,-,-,2890,34,-,-,,,41467,651,34979,579,-,-,16617,505,42783,669,-,-,-,-,-,-," 383,371 "," 7,533 ",,,,,,,
Jul'22,29167,390,-,-,61782,1002,67636,1042,0,0,-,-,9397,1445,34159,380,37809,571,-,-,0,0,-,-,,,44527,603,40943,654,-,-,10727,451,55323,855,-,-,-,-,-,-," 391,470 "," 7,393 ",,,,,,,
Jun'22,39291,405,-,-,74907,995,64203,1022,0,0,-,-,11754,1458,6,0,57448,809,-,-,0,0,-,-,,,53584,730,51520,784,-,-,-,-,43059,1087,-,-,-,-,-,-," 395,772 "," 7,290 ",,,,,,,
May'22,39645,380,-,-,53110,1112,77950,1158,0,0,-,-,13239,1274,83,1,60557,762,-,-,0,0,-,-,,,56217,707,64877,872,-,-,-,-,34810,844,-,-,-,-,-,-," 400,488 "," 7,110 ",,,,,,,
Apr'22,75003,766,-,-,79619,1244,81094,1215,0,0,-,-,19940,1879,2035,29,76181,914,-,-,0,0,-,-,,,69890,767,76264,905,-,-,-,-,36991,761,-,-,-,-,-,-," 517,017 "," 8,480 ",,,,,,,
Mar'22,27473,368,-,-,64107,1411,90113,1264,0,0,-,-,30971,2069,4898,50,76808,1010,-,-,0,0,-,-,,,60432,749,79661,1006,-,-,-,-,33697,866,-,-,-,-,-,-," 468,160 "," 8,793 ",,,,,,,
Feb'22,-,-,-,-,64590,1174,77605,1075,0,0,-,-,19620,1934,802,9,42498,616,-,-,0,0,-,-,,,39392,525,50503,705,-,-,-,-,27539,699,-,-,-,-,-,-," 322,549 "," 6,737 ",,,,,,,
Jan'22,0,0,-,-,73538,1271,58616,890,0,0,-,-,22718,1853,-,-,51638,705,-,-,0,0,-,-,,,33067,441,43485,695,-,-,-,-,25963,612,-,-,-,-,-,-," 309,025 "," 6,467 ",,,,,,,
Dec'21,8965,100,-,-,63830,1220,68930,984,0,0,-,-,0,0,48211,846,17856,300,-,-,0,0,-,-,,,53583,807,127,5,-,-,-,-,21703,399,-,-,-,-,-,-," 352,135 "," 5,645 ",,,,,,,
,,,,,,,,,,,,,,,,,,,,,,,,,,,,,,,,,,,,,,,,,,,,,,,,,,,
,,,,,,,,,,,,,,,,,,,,,,,,,,,,,,,,,,,,,,,,,,,,,,,,,,,
,,,,,,,,,,,,,,,,,,,,,,,,,,,,,,,,,,,,,,,,,,,,,,,,,,,
,,,,,,,,,,,,,,,,,,,,,,,,,,,,,,,,,,,,,,,,,,,,,,,,,,,
,,,,,,,,,,,,,,,,,,,,,,,,,,,,,,,,,,,,,,,,,,,,,,,,,,,
,,,,,,,,,,,,,,,,,,,,,,,,,,,,,,,,,,,,,,,,,,,,,,,,,,,
,,,,,,,,,,,,,,,,,,,,,,,,,,,,,,,,,,,,,,,,,,,,,,,,,,,
,,,,,,,,,,,,,,,,,,,,,,,,,,,,,,,,,,,,,,,,,,,,,,,,,,,
,,,,,,,,,,,,,,,,,,,,,,,,,,,,,,,,,,,,,,,,,,,,,,,,,,,
,,,,,,,,,,,,,,,,,,,,,,,,,,,,,,,,,,,,,,,,,,,,,,,,,,,
,,,,,,,,,,,,,,,,,,,,,,,,,,,,,,,,,,,,,,,,,,,,,,,,,,,
,,,,,,,,,,,,,,,,,,,,,,,,,,,,,,,,,,,,,,,,,,,,,,,,,,,
,,,,,,,,,,,,,,,,,,,,,,,,,,,,,,,,,,,,,,,,,,,,,,,,,,,
,,,,,,,,,,,,,,,,,,,,,,,,,,,,,,,,,,,,,,,,,,,,,,,,,,,
,,,,,,,,,,,,,,,,,,,,,,,,,,,,,,,,,,,,,,,,,,,,,,,,,,,
,,,,,,,,,,,,,,,,,,,,,,,,,,,,,,,,,,,,,,,,,,,,,,,,,,,
,,,,,,,,,,,,,,,,,,,,,,,,,,,,,,,,,,,,,,,,,,,,,,,,,,,
,,,,,,,,,,,,,,,,,,,,,,,,,,,,,,,,,,,,,,,,,,,,,,,,,,,
,,,,,,,,,,,,,,,,,,,,,,,,,,,,,,,,,,,,,,,,,,,,,,,,,,,
,,,,,,,,,,,,,,,,,,,,,,,,,,,,,,,,,,,,,,,,,,,,,,,,,,,
,,,,,,,,,,,,,,,,,,,,,,,,,,,,,,,,,,,,,,,,,,,,,,,,,,,
,,,,,,,,,,,,,,,,,,,,,,,,,,,,,,,,,,,,,,,,,,,,,,,,,,,
,,,,,,,,,,,,,,,,,,,,,,,,,,,,,,,,,,,,,,,,,,,,,,,,,,,
,,,,,,,,,,,,,,,,,,,,,,,,,,,,,,,,,,,,,,,,,,,,,,,,,,,
,,,,,,,,,,,,,,,,,,,,,,,,,,,,,,,,,,,,,,,,,,,,,,,,,,,
,,,,,,,,,,,,,,,,,,,,,,,,,,,,,,,,,,,,,,,,,,,,,,,,,,,
,,,,,,,,,,,,,,,,,,,,,,,,,,,,,,,,,,,,,,,,,,,,,,,,,,,
,,,,,,,,,,,,,,,,,,,,,,,,,,,,,,,,,,,,,,,,,,,,,,,,,,,
,,,,,,,,,,,,,,,,,,,,,,,,,,,,,,,,,,,,,,,,,,,,,,,,,,,
,,,,,,,,,,,,,,,,,,,,,,,,,,,,,,,,,,,,,,,,,,,,,,,,,,,
,,,,,,,,,,,,,,,,,,,,,,,,,,,,,,,,,,,,,,,,,,,,,,,,,,,
,,,,,,,,,,,,,,,,,,,,,,,,,,,,,,,,,,,,,,,,,,,,,,,,,,,
,,,,,,,,,,,,,,,,,,,,,,,,,,,,,,,,,,,,,,,,,,,,,,,,,,,
,,,,,,,,,,,,,,,,,,,,,,,,,,,,,,,,,,,,,,,,,,,,,,,,,,,
,,,,,,,,,,,,,,,,,,,,,,,,,,,,,,,,,,,,,,,,,,,,,,,,,,,
,,,,,,,,,,,,,,,,,,,,,,,,,,,,,,,,,,,,,,,,,,,,,,,,,,,
,,,,,,,,,,,,,,,,,,,,,,,,,,,,,,,,,,,,,,,,,,,,,,,,,,,
,,,,,,,,,,,,,,,,,,,,,,,,,,,,,,,,,,,,,,,,,,,,,,,,,,,
,,,,,,,,,,,,,,,,,,,,,,,,,,,,,,,,,,,,,,,,,,,,,,,,,,,
,,,,,,,,,,,,,,,,,,,,,,,,,,,,,,,,,,,,,,,,,,,,,,,,,,,
,,,,,,,,,,,,,,,,,,,,,,,,,,,,,,,,,,,,,,,,,,,,,,,,,,,
,,,,,,,,,,,,,,,,,,,,,,,,,,,,,,,,,,,,,,,,,,,,,,,,,,,
,,,,,,,,,,,,,,,,,,,,,,,,,,,,,,,,,,,,,,,,,,,,,,,,,,,
,,,,,,,,,,,,,,,,,,,,,,,,,,,,,,,,,,,,,,,,,,,,,,,,,,,
,,,,,,,,,,,,,,,,,,,,,,,,,,,,,,,,,,,,,,,,,,,,,,,,,,,
,,,,,,,,,,,,,,,,,,,,,,,,,,,,,,,,,,,,,,,,,,,,,,,,,,,
,,,,,,,,,,,,,,,,,,,,,,,,,,,,,,,,,,,,,,,,,,,,,,,,,,,
,,,,,,,,,,,,,,,,,,,,,,,,,,,,,,,,,,,,,,,,,,,,,,,,,,,
,,,,,,,,,,,,,,,,,,,,,,,,,,,,,,,,,,,,,,,,,,,,,,,,,,,
,,,,,,,,,,,,,,,,,,,,,,,,,,,,,,,,,,,,,,,,,,,,,,,,,,,
,,,,,,,,,,,,,,,,,,,,,,,,,,,,,,,,,,,,,,,,,,,,,,,,,,,
